{"message":{
  "name": "222",
  "wildcard": [
	{
	  "type": "WarmUpRoute",
	  "cold": "PoolRoute|local_pool1",
	  "warm": "PoolRoute|local_pool2"
	},
	{
	  "type": "WarmUpRoute",
	  "cold": "PoolRoute|local_pool1",
	  "warm": "PoolRoute|local_pool2"
	},
	"PoolRoute|local_pool3",
	"PoolRoute|remote_pool"
  ],
  "policies": {
	"a": [
	  {
		"type": "WarmUpRoute",
		"cold": "PoolRoute|local_pool1",
		"warm": "PoolRoute|local_pool2"
	  },
	  {
		"type": "WarmUpRoute",
		"cold": "PoolRoute|local_pool1",
		"warm": "PoolRoute|local_pool2"
	  },
	  "PoolRoute|local_pool3",
	  "PoolRoute|remote_pool"
	],
	"b": [
	  {
		"type": "WarmUpRoute",
		"cold": "PoolRoute|local_pool1",
		"warm": "PoolRoute|local_pool2"
	  },
	  {
		"type": "WarmUpRoute",
		"cold": "PoolRoute|local_pool1",
		"warm": "PoolRoute|local_pool2"
	  },
	  "PoolRoute|local_pool3",
	  "PoolRoute|remote_pool"
	],
	"bb": [
	  {
		"type": "WarmUpRoute",
		"cold": "PoolRoute|local_pool1",
		"warm": "PoolRoute|local_pool2"
	  },
	  {
		"type": "WarmUpRoute",
		"cold": "PoolRoute|local_pool1",
		"warm": "PoolRoute|local_pool2"
	  },
	  "PoolRoute|local_pool3",
	  "PoolRoute|remote_pool"
	]
  }
},
  "status":"success"
}