{"message":[{
  "logPath": "1",
  "numProxies": "100",
  "port": "8088",
  "configFile": "1",
  "routePrefix": "1",
  "bigValueSplitThreshold": "7",
  "targetMaxInflightRequest": "",
  "targetMaxPendingRequests":"",
  "maxClientOutstandingRequest":"",
  "destinationRateLimiting":"1",
  "disabled": "0",
  "key": "1"
  },
  {
    "logPath": "1",
    "numProxies": "1",
    "port": "1",
    "configFile": "1",
    "routePrefix": "1",
    "bigValueSplitThreshold": "1",
    "targetMaxInflightRequest": "1",
    "targetMaxPendingRequests":"1",
    "maxClientOutstandingRequest":"1",
    "destinationRateLimiting":"1",
    "disabled": "1",
    "key": "1"
  }
   ],
  "status":"success"}