{"message":[{
  "ipAddress": "ipAddress",
  "port": "8888",
  "udpPort": "udpPort",
  "memoryMaxSize": "123",
  "connectNum": "connectNum",
  "user": "user",
  "pidFile": "pidFile",
  "disabled": "0",
  "key": "tmpPrefix"
  },
  {
    "ipAddress": "ipAddress",
    "port": "0000",
    "udpPort": "udpPort",
    "memoryMaxSize": "1230",
    "connectNum": "connectNum",
    "user": "user",
    "pidFile": "pidFile",
    "disabled": "1",
    "key": "tmpPrefix"
  }
   ],
  "status":"success"}