{"message":[{
  "logPath": "1",
  "numProxies": "100",
  "port": "1",
  "configFile": "1",
  "routePrefix": "/cache_center/normal123/",
  "bigValueSplitThreshold": "7",
  "targetMaxPendingRequests":"",
  "maxClientOutstandingRequest":"",
  "disabled": "0",
  "key": "1"
  },
  {
    "logPath": "1",
    "numProxies": "1",
    "port": "6",
    "configFile": "1",
    "routePrefix": "/cache_center/coldwarm456/",
    "bigValueSplitThreshold": "1",
    "targetMaxPendingRequests":"1",
    "maxClientOutstandingRequest":"1",
    "disabled": "1",
    "key": "1"
  },
  {
    "logPath": "1",
    "numProxies": "1",
    "port": "3",
    "configFile": "1",
    "routePrefix": "/cache_center/coldwarm456/",
    "bigValueSplitThreshold": "1",
    "targetMaxPendingRequests":"1",
    "maxClientOutstandingRequest":"1",
    "disabled": "1",
    "key": "1"
  }

   ],
  "status":"success"}